rouge1,rouge2,rougeL
0.022960908095123383,0.0,0.02301165791371039
